name,phone,state
"Aaron Allen",883-576-1442,FL
"Aaron Bundy",775-363-1039,NJ
"Aaron Leonard",394-828-4242,AZ
"Aaron Mcdaniel",712-486-9870,AL
"Adam Lopez",466-806-1392,KY
"Adelaida Mitchell",238-183-5276,IA
"Adelaide Rosebrough",133-106-5814,ME
"Adolfo Turner",681-481-3664,AR
"Adrian Briggs",551-597-2636,NM
"Adrienne Hoxie",238-330-9636,RI
"Agnes Gamblin",562-350-9400,MD
"Aileen King",795-748-2171,UT
"Alan Harten",703-307-2622,PA
"Albert Alvarez",122-425-0424,NE
"Albert Cain",169-272-3225,MN
"Albert Griggs",926-502-3423,KS
"Albert Groseclose",552-123-7308,IL
"Albert Hyatt",812-551-6810,DE
"Albert Kimbrough",444-826-4271,AR
"Albert Maxey",210-799-0631,CA
"Albert Mitchell",978-798-0769,HI
"Alberto Maris",625-875-1818,AZ
"Alex Clontz",633-096-8535,RI
"Alex Tinsley",938-502-7489,NJ
"Alexandra Vanderveen",166-421-8031,HI
"Alexis Doyle",901-018-0557,DE
"Alfreda Davidson",151-757-9897,IN
"Ali Ferguson",230-512-3103,UT
"Alice Fico",409-653-2530,MS
"Alice Vanbuskirk",173-609-9315,IL
"Alicia Johnson",398-521-5944,AL
"Alicia Laramie",457-777-1806,OR
"Alisa Lassiter",170-563-4390,MS
"Alisa Reed",443-543-3246,NE
"Allan Blackmon",975-186-3209,PA
"Allen Barbara",683-178-5827,WA
"Allen Jenkins",365-306-0219,NJ
"Allen Moreno",517-588-8271,KY
"Allison Wright",738-849-1886,WV
"Alonzo Lim",717-507-7393,MT
"Alvin Metheney",414-243-9955,UT
"Alyssa Botsford",654-866-9207,TX
"Amalia Carlson",770-122-4082,GA
"Amanda Baptiste",453-755-5257,VT
"Amanda Dickerson",311-325-3819,IN
"Amanda Hilton",761-574-4757,TX
"Ambrose Ober",957-291-8771,NC
"Amy Galloway",532-778-5624,LA
"Amy Rader",919-713-6344,WV
"Amy Schnitker",856-609-7072,AK
"Ana Banderas",873-552-9695,MD
"Andre Sappington",496-637-0604,AZ
"Andrea Dunn",445-776-2554,SD
"Andrea Kyger",529-055-7213,IA
"Andrea Long",857-619-6461,GA
"Andrew Brewton",266-301-8253,GA
"Andrew Lindahl",762-018-1720,MI
"Andrew Mastrangelo",253-605-5073,CA
"Andrew Robinson",286-739-7471,KS
"Angel Lasalle",939-453-3754,NC
"Angela Hampson",792-322-7826,NM
"Angela Minyard",856-849-8117,VT
"Angela Nance",747-107-6625,ID
"Angelina Bailey",115-168-0130,IL
"Anita Powers",911-058-8823,FL
"Ann Cordes",517-362-2122,TN
"Ann Frederick",981-418-2023,IA
"Ann Lindholm",916-328-5158,MA
"Ann Whittington",673-364-6243,NE
"Anna Jones",283-122-6399,RI
"Anna Mervyn",178-744-3650,OH
"Anne Hood",549-479-9343,MI
"Anne Madrid",215-201-4346,IL
"Annette Carleton",122-165-7363,IL
"Annette Slaten",501-621-2943,IN
"Annie Caban",930-168-4434,NC
"Annie Kathan",778-307-8293,TN
"Anthony Haller",489-455-4971,CO
"Anthony Harper",376-627-7002,NE
"Anthony Medina",537-314-8797,OH
"Anthony Sylvester",165-365-2584,OK
"Anthony Thomas",608-497-9481,AK
"Antionette Burch",500-380-1836,CO
"Antonio Goggans",701-386-6464,GA
"Antonio Johnson",810-373-8359,SC
"Antonio Thornton",988-668-4069,KS
"Apryl Cromwell",875-888-1237,WV
"Arletta Camus",171-690-8666,WA
"Arline Krahn",584-187-4434,AZ
"Arthur Housh",595-741-2532,OK
"Asa Rynn",730-316-0531,CA
"Ashley Arredondo",183-659-0921,ME
"Ashley Humann",464-455-1225,SD
"Ashley Pelter",491-522-6470,VT
"Ashley Tilson",475-193-2994,WV
"August Hara",354-782-2577,KY
"Ava Schwulst",200-052-2672,AR
"Barbara Borrow",858-209-5505,WA
"Barbara Johnston",973-720-3586,NC
"Barbara Mcgill",665-426-2406,DE
"Barbara Mueller",574-766-5625,ME
"Barbra Edwards",421-718-7093,WA
"Barry Rudman",498-230-0647,RI
"Barry Tarantino",569-381-6707,VT
"Barry Vail",109-211-3189,SC
"Beatrice Broenneke",563-450-5099,MT
"Ben Martinez",832-609-8171,AK
"Benita Braxton",578-824-2193,SD
"Benita Clark",525-302-3117,MS
"Benjamin Clark",952-627-3384,TN
"Bennett Caulfield",885-310-2125,WA
"Benny Smith",473-872-2418,NM
"Bernard Bermudes",242-201-3875,MT
"Bernard Diaz",776-016-5402,ID
"Bernice Ashby",953-367-0040,AZ
"Bertie Rains",290-114-3260,AL
"Bessie Racilis",223-840-4806,OR
"Beth Diaz",495-630-2057,IA
"Beth Gamache",521-369-4484,PA
"Beth Graves",190-691-0365,MT
"Beth Law",731-783-9318,AK
"Betty Jones",616-203-3143,LA
"Betty Morton",610-384-9678,MO
"Betty Powell",132-421-5237,SD
"Betty Sparks",787-765-1581,PA
"Beulah Hollis",240-698-3892,WA
"Beverly Jordan",658-343-1616,TN
"Beverly Kenyon",977-676-3644,MO
"Beverly Norman",190-134-5905,IA
"Beverly Rivard",553-219-2540,DE
"Beverly Schnarr",999-481-9578,AL
"Beverly Stiffler",500-861-6862,WV
"Billie Zepp",867-715-8629,IN
"Billy Parker",454-679-7180,GA
"Blanche Patterson",328-236-9942,IN
"Bob Feliciano",557-528-8617,NH
"Bobbi Walker",776-089-9908,AZ
"Bobbie Smith",348-240-1533,TX
"Bobbie Truax",793-809-9641,AL
"Bobby Adams",277-567-4580,CA
"Bobby Delgiudice",195-017-4271,NJ
"Bobby Reinke",494-082-7231,NC
"Bobby Williams",543-034-5363,PA
"Bonnie Heiman",966-710-0476,MS
"Bonnie Nguyen",794-063-6376,DE
"Boyd Dedmon",641-664-1183,AK
"Bradley Buzis",380-852-6701,AZ
"Bradley Durr",823-545-1522,MT
"Bradley Fleming",443-720-0919,KY
"Bradley Nash",430-696-9020,VA
"Bradley Sanford",539-024-7347,IN
"Bradley Sharp",267-003-7460,AZ
"Brandi White",650-259-0662,SD
"Brandon Campbell",872-263-2315,AL
"Brandon Hurst",604-345-6700,NC
"Brandy Ferreira",519-759-4341,AK
"Brenda Gonzalez",995-690-1302,MN
"Brenda Henke",143-762-3434,MS
"Brenda Liles",798-492-3863,ND
"Brenda Perry",586-261-5872,IA
"Brenda Pilcher",900-709-7202,WI
"Brenda Weathers",949-223-0104,CO
"Brett Garner",813-153-4426,MN
"Brian Hill",391-834-5966,AL
"Brian Mccain",359-333-2532,AK
"Brian Mcjunkins",948-464-2670,NH
"Brian Nicholas",344-254-5819,NE
"Brianna Lotz",839-880-8155,MO
"Brittany Smith",527-619-7917,CA
"Brittney Rigney",211-647-4162,WY
"Brock Kline",986-591-4524,ME
"Brooke Dodge",500-292-2305,WY
"Bruce Arias",964-036-4316,TX
"Bruce Mailes",625-815-1073,MI
"Bruno Friedman",522-197-8963,CA
"Bryan Jones",997-465-7702,OK
"Caitlyn Smith",784-863-7267,SC
"Cameron Stone",170-218-2376,FL
"Carl Earp",162-178-0936,TX
"Carl Ziadie",847-498-3447,WI
"Carmen Soron",869-218-7910,MT
"Carol Cauthen",248-659-0261,CO
"Carol Clements",758-322-2943,PA
"Carol Fritz",788-656-9367,NY
"Carol Hernandez",701-367-0145,AR
"Carol Lowe",382-474-7280,ME
"Carol Moore",477-865-5159,WV
"Carol Russell",415-268-1508,NY
"Carol Rust",178-715-6513,MD
"Carol Shumaker",177-214-1661,IA
"Carol Whitlatch",163-470-4781,MO
"Carol Williams",399-764-0767,NC
"Carol Wood",593-860-3660,CT
"Carole Cox",899-397-3291,MI
"Caroline Beato",750-608-5720,MO
"Carolyn Butler",412-223-2076,NH
"Carolyn Lasala",255-287-4213,MN
"Carolyn Manlangit",944-880-1941,ND
"Carolyn Norman",108-843-9378,AL
"Carrie Egan",802-837-7211,RI
"Carrie Emery",728-388-7711,ID
"Carrie Luskey",506-072-1141,ID
"Carrie Martines",813-510-4927,IL
"Carroll Deleon",167-228-7065,SD
"Catherine Jefferson",878-055-8003,VA
"Catherine Parkinson",112-036-8129,LA
"Catherine Plant",821-497-6076,MA
"Cathy Henry",781-356-0385,IL
"Cathy Maynard",415-090-8141,ND
"Cecil Anderson",184-268-8968,MA
"Cesar Robinson",209-274-9183,NE
"Chad Spritzer",472-453-7139,TN
"Chandra Batiste",612-540-2136,HI
"Charles Kester",505-859-5016,SD
"Charles Magana",104-263-2513,CA
"Charles Melendez",288-333-5508,NH
"Charles Pettis",129-847-4264,IA
"Charles Schoenberger",624-094-0862,OK
"Charles Shutt",737-463-7227,NY
"Charles Stephens",440-588-3646,NC
"Charles Tim",940-076-8158,MO
"Charles Travis",506-813-7439,CO
"Charles Wrye",796-394-4361,ND
"Charmaine Solis",711-007-4378,NH
"Chelsea Bridges",632-623-8174,AR
"Cherie Johnson",468-867-6628,VT
"Cherie Wyche",499-859-7083,MS
"Chris Hanna",609-506-8533,VA
"Chris Hughes",555-322-4356,WV
"Chris Marquess",921-054-0355,NJ
"Christian Jenkins",569-280-8471,IL
"Christian Zambelli",929-248-5765,CT
"Christina Perkins",502-868-4335,CA
"Christine Colston",855-844-7550,SD
"Christine Lightsey",831-566-1000,OH
"Christopher Brady",960-190-8122,CO
"Christopher Ellsworth",114-139-7925,CT
"Christopher Higgins",392-396-8213,NV
"Christopher Knudson",476-495-6197,TN
"Christopher Lanzi",584-535-5457,MD
"Christopher Nevarez",753-689-1562,NV
"Christopher Scarborough",261-543-8094,NJ
"Christopher Smith",510-336-7641,NH
"Cindy Laso",918-865-7978,MS
"Cindy Rieger",142-046-4926,UT
"Clarence Ochoa",751-481-4294,UT
"Clarence Waston",467-838-6141,WI
"Cleo Burleson",350-394-1556,IL
"Clifford Lopez",904-790-3388,DE
"Clifton Porter",179-451-0667,KY
"Clyde Mccorkle",936-536-5678,NV
"Connie Hutton",707-166-9172,LA
"Connie Omar",519-623-4824,NY
"Corey Bennett",221-881-2665,ME
"Corey Lorenzen",584-094-8105,MI
"Corey Mcelroy",889-501-0369,HI
"Corey Sanders",398-075-9153,NV
"Corey Sorum",574-084-9995,WI
"Corie Hill",266-728-5993,SC
"Corinne Morris",984-102-3942,TN
"Cornelia Mondragon",554-717-7674,CT
"Craig Nutter",838-399-5786,GA
"Craig Pearson",601-233-9238,KS
"Craig Tackett",383-797-6649,MA
"Craig Williams",922-211-1105,DE
"Cruz Brelsford",108-872-6942,AL
"Crystal Edward",373-253-5535,HI
"Crystal Hormell",704-870-3496,RI
"Crystal Ward",311-352-6906,FL
"Cynthia Drennen",421-154-2199,NJ
"Cynthia Heaton",338-344-1176,IN
"Cynthia Polston",177-211-9719,NC
"Cynthia Stovall",171-050-4121,CO
"Dale Blandon",466-600-2452,RI
"Dale Dixon",858-275-6111,NJ
"Dallas Allen",601-209-6422,CT
"Dan Clouser",397-231-7524,NM
"Dan Dawson",753-729-4117,FL
"Dan Lee",894-714-3283,NH
"Dana Favors",147-424-0969,AR
"Danette Wright",465-137-8312,IA
"Daniel Anglin",583-666-6350,OH
"Daniel Christenson",606-235-3895,NE
"Daniel Dominguez",289-705-9570,MD
"Daniel Klar",679-260-4317,NM
"Daniel Neal",732-128-2494,DE
"Daniel Teano",556-588-1670,SC
"Daniel Waligora",864-823-1629,ME
"Danielle Morrison",376-070-3725,GA
"Danielle Sternberg",431-058-2352,MD
"Darleen Graves",744-135-7205,TN
"Darryl Gutierrez",872-123-3206,PA
"Dave Mangini",703-183-3797,NY
"David Aquilar",680-516-3187,UT
"David Aybar",956-694-3234,MS
"David Beasley",716-877-7173,ND
"David Clayton",669-611-4718,VA
"David Flores",694-263-1691,OH
"David Keeler",958-660-3582,NV
"David Mcconnell",861-437-9686,CA
"David Nava",651-218-9161,VT
"David Rene",129-139-3124,WY
"David Salis",840-153-7139,OH
"David Stamps",135-611-1733,TN
"David Sunderland",873-178-1382,OH
"David Thomas",131-187-1907,CT
"David Vella",424-375-5811,ME
"David Zeller",202-191-4357,AZ
"Dawn Berry",639-055-4976,CA
"Dawn Bryson",745-497-0200,MA
"Dawn Dorf",256-420-5880,MT
"Dawn Payne",855-482-8408,PA
"Dayna Buchanan",158-465-5646,MD
"Deanna Arevalo",291-616-1018,AZ
"Deanne Childs",236-232-7350,TN
"Debbie Ash",674-367-2589,MD
"Debbie Kruse",304-290-1521,ND
"Debora Morton",858-518-1590,NJ
"Deborah Burke",671-155-6626,ID
"Deborah Burley",434-506-2441,WI
"Deborah Gant",108-734-2986,IL
"Deborah Kinlaw",890-527-2246,WY
"Deborah Roach",631-563-1397,PA
"Debra Gourdine",554-088-6861,MD
"Debra Gray",997-188-5554,GA
"Debra Leslie",266-662-6935,VT
"Debra Mcfadden",716-005-2450,VT
"Debra Parson",327-558-2960,OK
"Debra Winkler",228-029-3271,RI
"Debroah Rodriguez",194-881-0267,KY
"Deidre Linkovich",406-575-5100,AK
"Della Hanson",130-514-0007,KY
"Deloris Watkins",661-044-8548,ID
"Dena Wood",318-250-5283,ME
"Denis Peatross",970-423-8757,WI
"Denise Ford",880-756-1969,KS
"Denise Green",528-359-7264,WY
"Denise Howard",203-008-0090,VT
"Dennis Hayes",194-674-0197,WA
"Desiree Perez",895-348-1936,IL
"Diamond Parker",617-731-5344,MI
"Diana Mook",759-617-1381,UT
"Diane Burnside",299-818-0769,MO
"Diane Hausner",963-444-4703,ID
"Diann Strauss",470-415-3391,UT
"Dianna Call",981-809-9191,MI
"Dianna Guerrero",296-641-2133,NM
"Dillon Coon",451-610-8314,OK
"Dina Hill",567-887-2034,DE
"Dion Custard",706-684-8940,CT
"Dion German",519-594-9310,KS
"Dolly Neff",789-386-2771,LA
"Dominga Gauthier",652-377-7828,MO
"Dominic Clark",781-159-9684,ID
"Don Fletcher",452-638-7668,MA
"Don Sexton",776-399-0444,OK
"Donald Dang",379-018-9940,AK
"Donald Dickson",600-067-9373,MS
"Donald Earley",458-336-9971,NE
"Donald Klapper",732-619-0014,AL
"Donald Lozano",673-463-0755,NH
"Donald Scott",656-422-9156,KY
"Donald Tuck",964-034-2316,SC
"Donita Ceasar",498-304-6746,WY
"Donn Thompson",360-425-3739,FL
"Donna Anderson",991-451-0812,OR
"Donna Dingman",971-012-3563,IA
"Donna Grissett",141-547-1636,WY
"Doreen Wertz",446-500-4716,ME
"Doris Ray",379-251-1620,ME
"Dorothy Hankins",735-423-2771,WV
"Dorothy Harris",595-190-0941,PA
"Dorothy Love",134-392-6976,NY
"Dorothy Newman",103-671-9513,NE
"Dorothy Pyle",134-115-4382,MT
"Dorthy Miller",795-536-2803,NY
"Douglas Phipps",413-855-5361,NC
"Douglas Young",505-793-3370,ID
"Dustin Todd",611-376-4654,WI
"Earl Anderson",135-406-0956,AZ
"Earl Franklin",926-478-4421,GA
"Earl Gross",768-453-4986,IA
"Earl Thornton",164-066-6349,IN
"Ed Johnson",344-762-8676,MD
"Eddie Jones",228-498-0709,NV
"Eddie Rodriguez",644-076-0468,ND
"Edgar Collins",144-257-6787,NH
"Edgar Johnson",606-759-6069,IN
"Edison Craghead",870-630-5086,KS
"Edith Ryan",739-686-5850,VA
"Edna Reyes",495-167-5556,KS
"Edward Buttner",175-522-7412,MA
"Edward Dannenberg",447-264-4329,NM
"Edward Halcomb",704-198-0382,MD
"Edward Hilton",707-159-8372,NH
"Edward Marotta",693-479-3045,IL
"Edward Partain",810-333-6965,WV
"Edward Plowman",828-444-9842,IL
"Edward Robey",850-644-5057,VT
"Edwin Cal",776-039-6635,GA
"Edwin Cardozo",621-313-4652,IL
"Elaine Boyle",279-561-0681,VT
"Eleanor Smith",767-620-0696,IL
"Eleanor Taul",484-654-1545,WY
"Elisabeth Boyer",984-520-4033,VA
"Elisabeth Mazurek",233-609-4541,MN
"Elise Hays",898-161-2003,MA
"Elizabeth Aiken",643-047-2110,HI
"Elizabeth Bechtel",158-494-1859,ID
"Elizabeth Bonaccorsi",392-707-8588,HI
"Elizabeth Boyd",985-776-3373,UT
"Elizabeth Kimball",312-213-2305,KS
"Elizabeth Landau",456-476-4771,RI
"Elizabeth Ona",238-116-2300,ND
"Elizabeth Walker",348-741-9688,CT
"Ellen Vankeuren",577-830-4604,MS
"Elmer Heck",315-845-8190,CO
"Elmer Libby",615-691-9481,HI
"Elsa Eckhart",857-443-1409,KY
"Elsie Lorusso",788-489-3617,AZ
"Elyse Moore",427-351-6648,TX
"Elyse Sims",603-523-5231,IA
"Emile Culpepper",422-824-5971,WY
"Emily Grimes",598-471-0388,MN
"Emily Pendergrass",295-622-1122,NM
"Emily Wilmoth",380-086-1757,CA
"Emma Bennett",474-859-6462,NH
"Emma Lares",426-502-5424,KS
"Emma Walker",181-307-7351,NV
"Enoch Rumore",101-384-4893,ME
"Enrique Silver",670-888-8879,WV
"Eric Alston",681-567-0298,CO
"Eric Alter",735-442-6209,VA
"Eric Little",913-158-3530,MI
"Eric Ottinger",882-764-9408,NM
"Eric Phipps",283-877-7752,AZ
"Erica Cormier",230-414-2034,MT
"Erika Bailey",878-486-8968,CT
"Erika Woods",263-179-9249,NM
"Erma Patterson",751-627-3328,MA
"Ernest Barger",982-691-9440,WI
"Ernest Jones",844-373-4466,TN
"Ernest Walker",795-817-7685,HI
"Ernest Yant",980-009-1073,IL
"Ernesto Byron",329-079-9480,WA
"Ernesto Swink",311-602-9640,IN
"Errol Cole",340-693-0051,KS
"Ervin Foran",701-421-4735,ID
"Esmeralda Kho",731-229-1870,HI
"Esperanza Lewis",989-449-3532,SC
"Essie Tullis",435-364-7874,OR
"Estela Christmas",797-829-0688,DE
"Esther Wilkinson",917-215-6714,KS
"Eugenia Gil",853-770-8139,KS
"Evelyn Bailey",352-675-6634,NE
"Evelyn Coleman",133-708-9708,SC
"Evelyn Johnson",226-473-1022,NY
"Evelyn Leopold",284-659-6341,FL
"Evelyn Mckay",986-012-9869,MA
"Evelyn Windom",267-543-1507,HI
"Everett Halpin",256-102-4325,MN
"Everett Thompson",486-634-0871,TX
"Felecia Layton",857-610-1437,IA
"Felicia Sylvester",287-365-7096,NC
"Felipe Martin",107-425-5981,VT
"Felix Haddock",596-104-3983,OK
"Flora Myrick",746-870-8583,MI
"Florence Elias",232-119-9452,NH
"Florence Slone",246-323-1968,TX
"Florence Watkins",266-683-9507,ND
"Florencio Shiner",120-482-2948,KY
"Flossie Giannetti",524-241-4330,ME
"Frances Melnick",921-731-6603,WA
"Frances Weaver",218-210-4526,VT
"Francesca Tresvant",714-084-4889,OK
"Francis Barth",962-199-8141,MD
"Francis Worrell",304-668-5304,ID
"Francisca Leatherman",872-688-9297,IA
"Frank Adcock",274-532-1585,NY
"Frank Flowers",194-778-1815,ID
"Frank Hall",661-285-4224,VA
"Frank Lauridsen",822-227-0465,MA
"Frank Plemons",418-170-5216,NE
"Frank Vanwassenhove",451-121-4180,AK
"Fred Shelton",539-158-8300,WA
"Frederick Beard",457-686-9840,NM
"Frederick Catledge",875-496-2534,SD
"Frederick Dews",246-146-9081,IL
"Fredrick Castro",292-243-5630,MA
"Fredrick Mackin",872-548-4632,MD
"Frieda Lopez",547-753-2101,AZ
"Gabriel Gardner",402-225-1597,KS
"Gail Dorch",914-723-8661,GA
"Gale Kohler",737-295-3061,NY
"Garry Gross",863-242-1142,AK
"Garry Hegmann",691-162-8591,OH
"Gary Baxter",726-552-5693,NJ
"Gary Cohen",800-536-4084,IL
"Gary Colace",434-887-0088,WY
"Gary White",773-566-3175,NV
"Gayle Lennox",113-095-4584,OH
"Gayle Sheffield",169-654-5798,HI
"George Briggs",461-667-6067,ND
"George Byron",160-826-3374,OK
"George Carlino",398-114-3050,RI
"George Cohen",762-612-4617,SD
"George Green",143-009-2386,AR
"George Holt",707-225-7373,IN
"George Jordan",371-059-4049,SC
"George Kyles",340-497-7595,CT
"George Pratt",964-287-2521,KY
"George Wymore",254-092-5287,WY
"Georgia Schuman",910-772-0670,WA
"Gerald Baker",479-075-3875,ME
"Gerald Billings",945-343-3293,AR
"Gerald Martin",631-039-9716,TN
"Geraldine Tenbusch",772-210-4338,KY
"Geraldo Harbert",819-629-2015,ID
"Gertrude Mccormick",618-294-9094,NJ
"Gilberto Mckenzie",114-116-0731,CT
"Gladys Lefevre",376-639-1043,PA
"Gladys Menendez",228-417-5416,SD
"Glenda Hughes",382-862-0073,SC
"Glenn Mccullar",238-194-5438,CO
"Gloria Best",460-132-5848,TX
"Gloria Garcia",970-271-9245,NV
"Gloria Hays",796-610-7297,NE
"Gloria Strohm",466-529-6586,UT
"Gordon Davis",571-518-8678,VT
"Grace Jay",716-816-5451,SD
"Grace Ramon",430-602-9291,CT
"Graciela Ahrens",643-797-1736,PA
"Grady Hinkle",943-432-9565,UT
"Grady Olsen",596-096-4671,MI
"Graham Warner",613-240-3342,GA
"Greg Thompson",420-218-9479,WV
"Gregg Mireles",690-610-8529,ND
"Gregory Dailey",941-023-1038,MI
"Gregory Jones",113-452-1323,TN
"Gregory Kopp",722-844-7713,RI
"Gregory Kraeger",904-069-6435,ID
"Gregory Levitt",638-438-0620,MI
"Gregory Steen",324-203-6072,TN
"Gretta Boyce",894-486-6964,FL
"Grover Branham",801-811-6878,FL
"Guadalupe Paulus",361-076-5184,LA
"Gussie Schultz",922-720-9235,KS
"Gwendolyn Huber",789-233-6458,CO
"Hank Beck",704-804-8258,TN
"Harold Barnett",889-627-2541,NM
"Harold Rohrbach",355-828-4394,MA
"Harry Barr",856-659-6393,TX
"Harry Barrett",611-111-9440,CA
"Harry Bell",788-054-8294,UT
"Harry Grant",590-581-9290,AR
"Harry Lara",299-832-2724,TX
"Harry Stanley",351-565-5032,IL
"Harvey Clarke",995-715-0069,NH
"Hazel Norville",376-471-0273,ND
"Heather Hoff",281-092-5525,MS
"Hector Williams",641-220-8713,CA
"Heidi Rubin",249-814-7944,NM
"Helen Henry",633-340-1034,CT
"Helen Klein",575-208-9530,NJ
"Henry Beaty",967-157-9218,WA
"Henry Borland",167-139-7250,SC
"Henry Halstead",468-870-6828,MN
"Henry Kujawski",476-320-8565,AL
"Henry Sieja",107-203-7739,IA
"Herbert Roe",825-736-7291,DE
"Hilda Bock",906-107-5567,WY
"Hilda Brown",810-092-2405,MN
"Hilda Graham",273-150-7066,UT
"Howard Cooper",750-741-4293,MO
"Howard Payne",569-530-8747,NE
"Hubert Ramos",391-119-7834,IA
"Hugh Montenegro",133-016-6628,WI
"Ida Koch",945-403-8023,OR
"Inez Niswander",313-505-2637,RI
"Iona Oconnor",410-794-0147,OK
"Irene Jones",182-553-1616,AZ
"Irene Sessoms",395-179-8231,FL
"Iris Bland",161-787-7893,OK
"Irma Muse",752-175-2272,MN
"Isaac Dworkin",726-037-6009,KS
"Isreal Davis",612-750-4610,AR
"Iva Tipps",262-494-1481,NM
"Ivy Withers",326-848-0569,SC
"Jack Blackwelder",467-513-0166,ID
"Jack Fikes",957-368-3611,GA
"Jack Traub",376-502-6280,VA
"Jackson Bullock",958-590-3527,CA
"Jacqueline Ferguson",496-843-6928,NM
"Jacqueline Pennachio",407-335-3686,OH
"James Barnes",922-809-1965,MO
"James Blocker",123-705-7165,VA
"James Bunker",153-512-2065,WI
"James Cover",575-663-4715,LA
"James Crawford",247-393-7929,CA
"James Curry",189-226-1319,MD
"James Elton",839-097-8030,AR
"James Fitzgerald",306-576-3931,OR
"James Garza",423-774-4487,FL
"James Gee",742-644-8729,WV
"James Griffith",233-827-4661,FL
"James Hux",700-233-6468,KS
"James Jackson",673-308-4925,TX
"James Kennedy",742-711-9429,KY
"James Mackley",728-051-5296,NJ
"James Mobley",915-849-9854,OR
"James Montgomery",908-674-4530,NH
"James Mozie",327-387-6299,NV
"James Rogers",856-838-5533,AL
"James Rozek",155-873-0430,FL
"James Russo",304-725-3493,TN
"James Topete",242-017-7328,SD
"James Vahle",415-514-0374,KS
"James Wedekind",542-740-3854,ME
"James Wilson",121-163-8164,GA
"Jane Bounds",799-527-8506,SD
"Jane Caskey",858-286-5307,MA
"Janet Drew",955-009-0155,WI
"Janet Fecteau",108-229-2483,NC
"Janet Livingston",263-213-4832,AL
"Janet Rasmussen",176-664-7765,NV
"Janice Deshaies",265-567-8323,WA
"Janice Soto",252-622-1593,WA
"Janice Thull",474-444-7906,NM
"Janie Madden",888-283-1740,NC
"Jarod Anderson",962-839-8923,RI
"Jarvis Eldridge",947-230-7611,MO
"Jarvis Strom",728-790-1582,MA
"Jason Dawkins",236-113-4190,VT
"Jason Goff",370-341-2508,WY
"Jason Leeman",737-065-4516,ID
"Jason Lynch",336-367-9060,OR
"Jason Pitts",446-676-5504,NC
"Javier Wallander",140-747-5429,OH
"Jay Shivers",753-613-1995,NH
"Jayson Davis",356-207-5372,NE
"Jeannette Roden",602-111-2867,WY
"Jeannie Delbridge",609-257-5138,UT
"Jeff Cardinal",777-549-0987,SD
"Jeff Midkiff",568-469-5659,GA
"Jeffrey Black",950-138-0690,MA
"Jeffrey Green",929-798-7088,TX
"Jennette Ardis",163-700-5061,MT
"Jennifer Brush",297-663-0556,MT
"Jennifer Krausz",423-050-3042,CA
"Jennifer Laughlin",265-597-2657,NY
"Jennifer Morton",479-189-7112,ND
"Jennifer Serge",808-257-8833,CO
"Jennifer Turnmire",510-794-2018,RI
"Jennifer Wallace",957-793-0146,TN
"Jenny Ballantyne",408-035-6726,AL
"Jenny Stanislawski",700-696-9371,NM
"Jeremy Perino",733-518-9976,MA
"Jerome Perez",324-107-1372,OK
"Jerome Purcell",486-330-8704,MD
"Jerry Lewis",226-685-3232,ND
"Jerry Nunn",190-259-8484,GA
"Jerry Owen",237-883-2139,KS
"Jerry Pitts",901-218-5899,NY
"Jesse Kozyra",938-194-8718,MO
"Jessica Luckett",762-814-1827,WY
"Jessica Maxie",288-763-6702,IN
"Jessica Pace",403-037-5106,HI
"Jessica Patrick",330-584-4540,CO
"Jessie Davis",398-724-5860,AR
"Jessie Tseng",193-555-5321,NM
"Jesus Christman",743-084-6718,LA
"Jesus Turner",846-601-6847,IA
"Jesus Weymouth",787-156-1508,VA
"Jill Barham",547-456-9322,CO
"Jill Murphy",293-737-6206,WI
"Jill Short",870-440-7182,KY
"Jillian Williams",232-407-0429,PA
"Jimmy Fredericks",414-628-9529,WV
"Jimmy Rawdon",687-241-2754,NY
"Jimmy Wan",758-841-8323,WI
"Jinny Small",655-494-6709,MD
"Jo Peck",326-704-4541,NH
"Joan Bates",936-741-1650,MO
"Joan Elliott",171-024-6999,NY
"Joan Greene",852-571-8400,ME
"Joan Highsmith",407-767-6736,KY
"Joan Lowe",126-218-0690,CO
"Joan Peak",697-741-7110,FL
"Joan Ward",690-793-3136,CO
"Joanna Wortham",781-162-7111,WV
"Joanne Grossman",738-109-3660,OR
"Joanne Robinson",800-248-9553,CA
"Jody Dixon",100-168-3613,VT
"Joe Browning",729-319-0511,AL
"Joe Mccolpin",892-604-4756,TX
"Joe Pasch",207-417-3900,CT
"Joel Harris",823-805-0050,OH
"Joel Hart",977-643-1853,LA
"Joel Shepherd",692-337-7302,DE
"Joey Bade",814-443-9301,NH
"Joey Rutledge",139-596-0436,MS
"Joey Tremblay",466-326-0137,FL
"John Andren",124-790-1728,WI
"John Benavides",471-331-0040,MO
"John Bethea",150-328-2087,MI
"John Bledsoe",713-083-5362,MD
"John Blomdahl",122-081-1366,WV
"John Boyle",781-365-8130,CT
"John Childs",389-040-6321,DE
"John Clark",349-789-9963,IA
"John Doty",890-450-2012,MN
"John Dube",995-106-2275,SD
"John Farabaugh",802-507-1978,SC
"John Guthrie",319-313-2256,NC
"John Johnson",868-509-7993,KS
"John Lewis",143-386-9809,NC
"John Lowman",708-731-6446,CT
"John Mccain",344-160-5466,NJ
"John Minter",280-327-0222,HI
"John Montney",118-343-5460,NE
"John Rezac",606-014-4070,UT
"John Rubin",909-497-7403,KY
"John Selby",176-398-3860,ME
"John Severn",271-061-2777,IN
"John Southern",475-449-6020,WV
"John Spencer",363-349-1724,ID
"Johnathan Story",117-481-5433,MT
"Johnny Aiyer",159-491-6661,WA
"Johnny Burmeister",496-450-9497,LA
"Johnny Catalfamo",709-349-1409,WY
"Johnny Crawford",831-442-6377,OH
"Jonathan Berube",611-571-3328,IN
"Jonathan Jenson",357-755-9505,MD
"Jonathan Paul",641-126-4409,SC
"Jonathan Williams",232-507-6935,AZ
"Jonathon Morrone",419-186-6564,AR
"Jonathon Phillips",289-808-2943,VA
"Jorge Dingle",985-703-8686,ID
"Jorge Whitaker",279-495-9830,AL
"Jose Caudel",663-001-7185,LA
"Jose Roundtree",592-573-4844,SC
"Jose Wright",390-148-3753,MN
"Jose Yates",819-689-6413,NH
"Josefina Mysak",522-292-3107,LA
"Joseph Berry",106-128-7167,LA
"Joseph Bettinson",227-457-0351,MO
"Joseph Brown",375-801-8514,MD
"Joseph Dick",516-376-3334,NV
"Joseph Gaccione",450-515-8446,MA
"Joseph Joubert",404-010-8719,KY
"Joseph Parsons",836-227-9173,ME
"Joseph Tashman",952-689-0105,OH
"Josephine Ollie",861-172-6240,WA
"Josephine Swinerton",884-359-0766,FL
"Joshua Bates",893-654-0152,MO
"Joshua Ferguson",561-086-7344,GA
"Joshua Herbert",869-112-1894,NC
"Joshua Hodges",471-300-1757,OR
"Joshua Sebastian",254-433-2851,WV
"Josie Herrera",368-206-6557,MO
"Jospeh Zimmerman",836-061-6255,MD
"Joy Vaughn",768-323-4184,AK
"Joyce Berntson",770-099-7255,KS
"Joyce Cranker",453-554-2233,NV
"Joyce Parker",511-299-1330,WA
"Joyce Wells",482-807-9785,HI
"Juan Albert",442-131-1041,OR
"Juan Gonzalez",206-532-1593,CA
"Juan Johnson",607-273-0057,MO
"Juan Young",368-856-3378,NV
"Juana Durham",997-429-0089,RI
"Juanita Anderson",643-838-3650,UT
"Juanita Cota",437-637-0206,DE
"Judith Auger",938-543-5160,AL
"Judith Westrick",579-142-7321,CO
"Julia Burpee",966-648-8721,NH
"Julia Hoffman",609-866-9012,WV
"Julian Zumwalt",522-876-7620,AR
"Juliann Funderburg",495-172-0234,OH
"Julie Bock",293-869-3396,WY
"Julie Curtis",409-499-5500,SC
"Julie Goodwin",244-864-7445,WV
"June Johnson",409-805-1949,CA
"Justin Clark",220-165-3494,NY
"Justin Connolly",393-469-0578,TN
"Karen Bellamy",594-877-3969,PA
"Karen Durden",217-805-1912,VT
"Karen Martinez",405-720-1566,WA
"Karen Mcentee",839-767-8340,MT
"Karen Sowell",277-211-1686,OR
"Karen Stone",991-161-7859,MS
"Kari Villa",549-305-8251,NE
"Karla Pittman",269-534-0340,PA
"Karmen Acosta",220-101-2666,HI
"Karyl Ito",388-390-2895,MN
"Katherine Bowen",239-140-2132,AK
"Katherine Cotton",178-080-2784,WV
"Kathleen King",647-403-9540,NC
"Kathryn Chavis",305-672-2393,NE
"Kathryn Gee",332-005-5147,KS
"Kathryn Porter",322-644-5282,VT
"Kathy Berry",411-758-6955,GA
"Kathy Trask",153-361-6189,WI
"Keith Burnette",714-207-8912,MN
"Keith Mercado",270-176-3778,MT
"Keith Palacios",291-346-5061,GA
"Keith Tate",780-474-1945,MS
"Keith Willis",243-059-1755,HI
"Kelly Boivin",837-761-3484,MN
"Kelly Brown",818-468-6269,FL
"Kelvin Tomasi",224-839-3668,ME
"Kenneth Chadwick",596-360-1789,KY
"Kenneth Hammock",459-578-1495,RI
"Kenneth Kang",559-313-7634,NY
"Kenneth Mahurin",919-544-7390,SC
"Kenneth Thompson",105-800-2464,MI
"Kerri Elliott",694-574-8385,MD
"Kevin Amaral",882-400-0400,NE
"Kevin Jose",334-869-2035,MS
"Kevin Kitzmiller",264-135-7792,PA
"Kim Maybee",593-426-7157,MD
"Kim Noel",832-835-0261,WI
"Kim Perry",571-298-1824,CO
"Kimberly Gholston",970-518-4343,TX
"Kimberly Hales",107-434-3558,MN
"Kimberly Thurston",125-299-0898,IN
"Kristen Liles",833-872-2192,RI
"Kristen Radabaugh",676-234-9404,AZ
"Kristine Strand",836-090-5648,SD
"Kurt Galbraith",305-706-5085,VA
"Lance Rebman",649-148-7712,OH
"Lanita Mendez",518-674-8912,CO
"Larry Meza",565-694-0224,KY
"Larry Pyatt",711-429-9389,TX
"Larry Taylor",742-478-6707,OK
"Latesha Mays",612-712-8328,NM
"Latisha Stonebraker",800-156-8041,SD
"Latoya Adams",153-415-8113,OR
"Latoya Rene",561-131-7558,OH
"Laura Burkett",459-208-5334,WY
"Laura Cranmer",844-723-2887,AL
"Laura Massey",774-472-8710,SC
"Laura Remick",866-855-9990,LA
"Laura Shipman",631-087-0235,TN
"Lauren Clark",344-095-6835,OR
"Lauretta Brooks",830-420-6931,PA
"Laurie Gertz",637-074-1489,IA
"Leatrice Kanagy",498-325-5142,MI
"Lee Williams",833-613-9621,LA
"Leesa Hofheimer",590-032-3578,HI
"Leigh Mclaughlin",431-530-9549,NV
"Leila Smith",617-815-1628,VA
"Lena Pale",487-734-5110,SC
"Leon Cromartie",933-746-6959,ID
"Leon Miller",339-081-2445,CT
"Leona Thomas",873-500-8468,NM
"Leroy Alvarez",836-439-1876,RI
"Leroy Overby",155-144-4855,IN
"Leslie Ave",949-641-4563,KS
"Leslie Oneill",943-199-8512,WI
"Leslie Park",777-241-6354,HI
"Lester Kinde",736-478-1112,MA
"Leta Jorgensen",578-332-6205,OK
"Lettie Nunn",213-323-8435,SC
"Lewis Tutt",170-161-0960,NY
"Lili Granthan",990-703-2258,AZ
"Lillian French",704-595-6470,WA
"Lillian Nix",505-692-7559,MD
"Lillian Stephenson",109-127-3630,FL
"Lillie Luczak",375-585-2903,VA
"Lilly Langerman",307-850-9577,AZ
"Linda Baridon",267-530-7222,MI
"Linda Barkdoll",851-525-2186,TN
"Linda Cuevas",214-700-2272,WY
"Linda Cummings",226-610-8544,WA
"Linda Deleon",776-690-3657,MD
"Linda Gaynor",699-710-1474,ND
"Linda Lawson",732-257-1613,KY
"Linda Leflore",751-418-9634,NY
"Linda Mclaughlin",720-469-4500,AK
"Linda Modglin",289-453-2440,NY
"Linda Rodrigues",236-276-7586,IN
"Linda Watson",252-302-0406,WY
"Lindsey Walling",976-330-9362,CT
"Lisa Gutierrez",140-567-5236,NY
"Lisa Leathers",124-853-3090,IN
"Lisa Ledoux",646-643-6805,IN
"Lisa Mcdonnell",971-413-3948,NY
"Lisa Wolter",558-509-2356,OH
"Lissa Downey",537-799-8804,VT
"Lizzie Bucker",884-570-4321,FL
"Lloyd Haynes",256-531-9150,NJ
"Lloyd Simmons",750-797-1804,PA
"Loida Segovia",161-160-9464,AK
"Lois Hufft",971-571-1968,CA
"Loren Keenan",668-575-3742,WY
"Lorena Parker",476-667-8665,MN
"Lorene Bolebruch",975-717-0521,NY
"Loretta Martinez",761-037-0169,MI
"Loretta Pittsley",643-559-1115,NJ
"Lori Bowdle",410-381-6064,VT
"Lorraine Davis",671-350-5644,NE
"Lorrie Larson",481-061-9756,NJ
"Louis Miller",565-317-4395,DE
"Louis Nelson",276-283-6129,NV
"Louise Abramson",766-218-7150,WV
"Lowell Zurawski",478-444-9201,AL
"Luis Ishihara",205-539-8768,OR
"Luis Rodriguez",596-353-1697,AR
"Luis Willman",951-175-9510,MA
"Luisa Campbell",190-016-6071,MT
"Luz Ottrix",126-883-0271,FL
"Lynette Aguirre",288-676-9054,AK
"Lynn Velez",790-841-5322,AK
"Lynnette King",120-664-0769,HI
"Madeline Zieman",117-753-2833,WY
"Mae Mclean",465-846-6078,AL
"Malena Mcsorley",982-670-1983,VA
"Malissa Winn",369-748-1476,CT
"Mandy Haskins",169-308-9749,VA
"Mandy Knoy",779-122-0700,NY
"Mandy Rutski",769-051-1794,WI
"Manuel Wise",927-504-7175,WI
"Mao Patton",478-116-8040,KS
"Marc Ashley",745-622-1183,SD
"Marcia Holland",250-049-5566,MN
"Marcos Nicholas",544-665-6602,MT
"Marcus Hackshaw",237-146-7041,MI
"Marcus Piatt",886-850-0194,MD
"Margaret Parker",501-346-6564,NM
"Margaret Pendleton",884-358-9987,RI
"Margaret Trimble",924-542-1048,RI
"Margaret Workman",591-691-7949,DE
"Margaret Yamakawa",472-418-8047,TN
"Maria Carlin",136-287-0266,MN
"Maria Christopher",498-715-9127,ND
"Maria Gingerich",658-436-1182,MA
"Maria Martin",129-641-4430,SC
"Maria Obrien",621-865-6994,KY
"Maria Soto",327-024-5770,NH
"Maria Swartz",140-169-8878,MT
"Maria Ward",712-527-5394,KY
"Marian Orosz",748-138-1051,SD
"Marian Spivey",590-611-4884,NV
"Marianna Raab",802-684-0053,RI
"Marie Halpin",391-781-2752,IN
"Marie Miller",824-880-9343,TX
"Marie Spikes",885-349-8291,VT
"Marilyn Ager",792-118-4045,NH
"Marilyn Bachman",764-502-8366,IN
"Marilyn Haase",642-428-8569,SD
"Marilyn Laird",401-431-1242,VT
"Marion Baxter",548-032-8105,KY
"Marion Devore",885-531-1322,AK
"Marion Joy",466-376-3569,UT
"Marjorie Pompa",564-538-6409,SC
"Marjorie Vang",372-210-6230,WV
"Mark Addison",926-165-7442,HI
"Mark Balistreri",465-694-9229,TX
"Mark Brogdon",745-296-2690,NY
"Mark Ephriam",602-186-9552,ID
"Mark Fisher",878-437-1286,CO
"Mark Hanna",432-486-1529,KY
"Mark Hughes",639-271-5187,AK
"Mark Jung",792-371-0075,CO
"Mark Kidwell",477-343-8288,IA
"Mark Miller",908-521-9030,NV
"Mark Perez",659-456-0861,MA
"Mark Ramsey",862-216-8276,AZ
"Mark Williams",973-807-6058,OK
"Marni Bradley",451-171-9320,ID
"Marsha Casey",368-876-3130,IA
"Martha Dawson",550-787-6801,GA
"Martha Stelzer",901-602-1648,ID
"Martha Wiegand",233-858-8824,DE
"Marti Ruddy",494-346-1658,AK
"Martin Klein",834-382-7566,GA
"Martin Meyer",567-139-0167,LA
"Martina Perez",406-044-1971,MA
"Marva Nevins",198-824-1573,WI
"Marvin Anderson",975-649-2088,FL
"Marvin Linn",375-140-5117,KS
"Marvin Thomas",936-504-0805,AK
"Marvin Wilcox",821-643-4075,NC
"Mary Adams",604-706-8194,UT
"Mary Amador",934-193-8933,PA
"Mary Bell",571-126-1049,NE
"Mary Cantrell",238-643-5509,CT
"Mary Fuller",711-022-3926,NY
"Mary Gassoway",761-530-7813,MO
"Mary Gilmore",832-240-9855,NH
"Mary Ginkel",981-762-8388,TN
"Mary Hernandez",356-360-2248,LA
"Mary Kendal",520-786-4157,ID
"Mary Lancaster",178-097-7418,AK
"Mary Lewis",843-315-8660,CA
"Mary Litton",682-273-8431,AZ
"Mary Mcdaniel",728-004-1219,OR
"Mary Metzner",356-692-4701,TX
"Mary Montford",168-770-4668,KS
"Mary Ortega",431-764-7064,AZ
"Mary Payton",987-021-0301,NH
"Mary Pham",367-832-6409,MI
"Mary Price",259-048-6947,MS
"Mary Ramey",730-361-3957,WV
"Mary Remus",604-266-1436,TN
"Mary Riddle",951-045-3427,MS
"Mary Saucier",808-873-4387,DE
"Mary Savage",466-199-4749,MN
"Mary Vanetta",860-595-4688,SD
"Mary Vue",386-229-4013,RI
"Mary Whitaker",420-823-2350,VA
"Mary White",849-514-0641,DE
"Mary Wilson",172-017-6220,FL
"Maryjane Lopeman",136-123-1527,ME
"Matha Hatfield",936-055-2764,HI
"Matilde Thornhill",901-283-6464,IN
"Matt Montgomery",662-204-1603,CO
"Matthew Adkins",436-425-9692,ME
"Matthew Porcelli",786-805-1625,NC
"Maureen Crespo",174-704-9931,AZ
"Maurice Arvin",530-511-2345,AL
"Maurice Davis",721-390-1293,AR
"Maurice Larry",954-378-6392,NE
"Maurice Parilla",595-813-9911,SC
"Max Castillo",800-328-8148,MO
"Max Street",244-248-2906,OR
"Maxine Maze",474-663-1470,SC
"Maxine Poe",818-538-2966,HI
"Mazie Keenan",985-739-3836,NH
"Megan Muller",989-433-7104,ND
"Melanie Weidman",524-542-8762,DE
"Melinda Reda",314-322-8370,TX
"Melissa Curry",440-653-6286,OK
"Melissa Warren",101-729-6105,MN
"Melvin Brewer",781-675-7956,LA
"Melvin Cox",698-541-2322,NJ
"Mercedes Owen",251-280-9198,DE
"Michael Ash",871-309-9657,LA
"Michael Bailey",998-177-4241,MS
"Michael Braswell",527-827-3220,OK
"Michael Campbell",306-678-8380,VT
"Michael Chambers",467-305-2544,HI
"Michael Chastain",562-866-0896,MS
"Michael Crim",274-098-2981,AK
"Michael Crowder",839-403-2919,SD
"Michael Etheridge",238-040-0221,MS
"Michael Fine",968-227-8293,IL
"Michael Fisher",692-814-0188,NH
"Michael Francis",796-311-4681,NV
"Michael Garner",171-753-1677,AR
"Michael Hammonds",549-725-7300,OK
"Michael Hancock",346-760-1990,NJ
"Michael Hendrix",969-783-4276,DE
"Michael Howard",936-135-4256,NV
"Michael Kemp",274-285-5410,PA
"Michael Kowalski",783-379-8405,CA
"Michael Lamar",350-583-1114,ME
"Michael Nadler",579-870-0983,OK
"Michael Pritchett",698-397-5983,MT
"Michael Ramundo",297-689-0521,KS
"Michael Salls",232-316-2251,NY
"Michael Schorn",698-876-6089,WV
"Michael Stagnaro",155-721-0678,MT
"Michael Walker",915-303-1531,NM
"Micheal Ceraos",156-835-8327,NH
"Micheal Kirkpatrick",410-389-7159,IL
"Michele Cortez",358-015-1626,CO
"Michele Perez",990-823-0299,AR
"Michele Victory",372-849-6961,NV
"Michelle Desilva",888-646-6043,NC
"Michelle Kemp",761-805-0935,PA
"Michelle Rainey",820-199-5648,ME
"Michelle Williams",739-365-6492,VA
"Mildred Smith",700-798-0320,VA
"Milton Adams",473-879-8674,AR
"Milton Welch",579-226-8590,MN
"Minerva Lowrie",147-718-7808,TN
"Minnie Howard",674-537-5356,UT
"Mitchell Richardson",148-721-8492,WI
"Mollie Hwang",353-030-2573,KY
"Molly Ishee",755-418-6114,WA
"Monica Johnson",506-727-6893,CA
"Monique Harker",719-809-4823,NH
"Monroe Silver",164-514-1234,PA
"Morgan Dickman",482-641-0193,AR
"Morton Antillon",534-053-4327,WY
"Mose Doe",217-609-5517,SD
"Moses Conley",557-045-9808,IA
"Myra Tiemann",400-533-2462,DE
"Myrna Eversmeyer",701-006-9028,MS
"Nancy Ales",202-416-5247,MO
"Nancy Carmant",853-820-2599,WV
"Nancy Chin",626-363-8199,MI
"Nancy Owenby",131-084-1543,ND
"Nancy Vandeusen",748-795-0602,CA
"Nancy Williamson",400-843-5313,MT
"Natalie Daniels",129-283-5561,IL
"Neil Grimm",972-459-2988,WV
"Nellie Wheeler",324-841-5352,GA
"Nicholas Brown",782-849-6961,IL
"Nicholas Valdez",690-087-3550,AL
"Nichole Conway",578-644-0694,TN
"Nichole Long",219-517-9608,ND
"Nicole Byler",485-729-0555,MD
"Nikki Marmol",760-845-8330,AR
"Noel Allen",220-472-2767,PA
"Norman Stone",474-771-0007,ME
"Norman Williams",120-839-7575,OH
"Oda Payne",149-451-9013,FL
"Olga Ramirez",381-104-8393,MT
"Olin Ballard",408-119-9057,OK
"Olive Blank",925-112-4840,WA
"Ollie Steier",254-759-9954,AZ
"Omar Lopez",187-757-7834,VT
"Omega Lightfoot",416-883-8497,WI
"Oretha Allison",482-482-5194,MO
"Orlando Travis",787-439-5980,TN
"Osvaldo Edwards",847-426-3279,RI
"Patrica Trujillo",444-446-9371,KY
"Patrica Williams",267-487-2373,MA
"Patricia Bernardi",374-341-5462,WY
"Patricia Boettcher",544-419-5452,OK
"Patricia Culver",289-808-9689,GA
"Patricia Ditto",359-429-1429,HI
"Patricia Goldfeder",116-007-6985,AL
"Patricia Gordon",491-255-1298,GA
"Patricia Martin",483-082-1240,TX
"Patricia Peebles",436-076-5986,NV
"Patricia Taylor",708-693-8228,OH
"Patrick Soto",261-438-5920,IA
"Pattie Ishman",514-313-3914,UT
"Paul Earle",317-682-9506,GA
"Paul Lahman",529-753-1996,CT
"Paul Maxwell",262-047-5703,CA
"Paul Mccool",757-698-1059,IL
"Paula Delaney",921-203-7242,RI
"Paula Schauman",950-508-4455,NC
"Pauline Cunningham",720-084-6444,CT
"Pauline Wilburn",959-687-1791,NM
"Pearl Baker",813-824-1570,OK
"Pearl Gibbs",867-822-8767,DE
"Pearl Rand",161-887-9587,OR
"Pedro Shepherd",991-734-3445,TX
"Peggy Best",773-232-1385,OH
"Peggy Gaines",208-019-1899,MN
"Peggy Mcewen",591-733-3461,DE
"Peggy Tuttle",473-806-8789,VT
"Penny Clemans",240-863-8309,CT
"Pete Byrd",820-737-3139,OH
"Pete Elrod",611-188-0319,NE
"Pete Reiner",536-752-0162,WY
"Peter Burkes",273-212-8660,AL
"Peter Hill",727-479-2558,WA
"Peter King",765-001-1420,NV
"Peter Moran",488-035-4196,IA
"Peter Riordan",451-125-6759,ND
"Peter Ward",451-469-0910,SD
"Philip Cianfrini",951-177-3007,VA
"Phillip Berstein",592-668-6167,ID
"Phillip Feasel",802-372-2777,MN
"Phyllis Jackson",158-113-8819,TN
"Quinton Miller",927-096-6948,PA
"Rachael Holmes",330-845-7883,OK
"Rachel Wilson",871-462-9427,MN
"Rafael Lampl",945-460-7084,LA
"Ralph Maxwell",721-206-3761,WI
"Ralph Rankins",881-637-8307,UT
"Ralph Wells",165-758-4059,NJ
"Ramon Fisk",385-210-6514,CO
"Ramon Martin",855-291-0600,MA
"Ramona Parrott",648-694-4407,ND
"Ramona Rodriguez",509-360-2128,RI
"Ramona Shufelt",555-697-1022,LA
"Randy Carter",266-483-8613,OH
"Randy Fletcher",622-720-9462,PA
"Randy Hughes",765-473-4318,KS
"Randy Mcvicker",426-371-3254,MI
"Raymond Hamelin",837-643-1063,AR
"Raymond Jacob",531-257-3015,MO
"Raymond Robinson",348-228-3689,AR
"Raymond Thompson",589-654-4753,WI
"Rebecca Berry",876-193-3681,MO
"Rebecca Boland",344-854-7275,AZ
"Rebecca Gilliam",655-245-0253,VT
"Rebecca Proctor",851-230-4930,NE
"Rebecca Teel",862-084-2823,OR
"Rebecca Tomita",627-372-8151,MN
"Reginald Waters",402-391-8281,KY
"Renaldo Parenteau",420-319-6773,OR
"Renee Owens",872-279-3348,WI
"Renee Phu",208-866-9816,OR
"Renee Sutherland",666-109-9165,AZ
"Reuben Houston",799-833-4218,ME
"Rex Fuller",240-431-0554,UT
"Rex Heslop",997-845-7161,UT
"Rhett Mcgriff",453-006-4595,CA
"Richard Dungan",414-788-1007,CO
"Richard Duvall",185-420-0741,VT
"Richard Fenton",346-778-1747,NE
"Richard Greene",844-697-7773,WY
"Richard Kelley",926-489-6713,OH
"Richard Koch",807-845-7910,AR
"Richard Madera",144-138-9960,VA
"Richard Miller",262-819-5023,IN
"Richard Nowlin",478-319-5944,UT
"Richard Pena",584-008-5539,VA
"Richard Pessin",589-488-1068,MA
"Richard Velasquez",715-004-3340,IN
"Rick Mcalpin",931-329-7591,KY
"Rita Sorbo",452-674-5918,IA
"Robert Abramowitz",584-501-2242,WA
"Robert Adcock",268-852-1813,TX
"Robert Alexander",728-807-7084,MN
"Robert Avalos",899-387-1517,ND
"Robert Barrientos",479-264-2660,OK
"Robert Bryant",380-007-1494,NM
"Robert Corley",762-477-6557,RI
"Robert Hammers",568-403-9622,LA
"Robert Knox",719-496-4001,AL
"Robert Krzeczkowski",972-082-8520,MS
"Robert Laird",537-011-3450,FL
"Robert Larkins",264-332-2212,CT
"Robert Lipe",957-001-5383,TX
"Robert Mabe",850-278-3386,MS
"Robert Medeiros",440-291-5818,WI
"Robert Ray",346-116-8359,MI
"Robert Reither",377-326-2572,IA
"Robert Robuck",359-554-8855,IN
"Robert Taylor",598-242-9199,MT
"Robert Whitworth",235-147-1773,OK
"Roberta Logsdon",934-340-8463,MN
"Roberta Morris",781-312-2977,WA
"Roberto Pohlman",617-027-0827,HI
"Robin Carter",430-437-1728,AL
"Robin Perkins",745-773-3430,AK
"Robyn Ledbetter",907-397-0790,MA
"Rodney Conner",265-072-7799,CA
"Roger Allen",637-511-9105,OR
"Roger Lowrie",616-641-9336,NY
"Roger Sanchez",638-148-6033,NH
"Roland Anderson",898-439-2797,SC
"Romeo Rempel",705-525-4003,OR
"Ronald Clemons",822-022-5041,NY
"Ronald Dennig",596-302-8785,LA
"Ronald Fay",692-185-7448,TN
"Ronald Flythe",841-273-1081,CO
"Ronald Messenger",873-182-8734,NJ
"Ronald Peterson",574-780-3813,PA
"Ronald Thelen",600-031-3322,NE
"Ronny Brown",241-150-5451,FL
"Roosevelt Waddell",165-535-2735,OK
"Rosa Hallford",189-043-1808,AZ
"Rosa Scott",557-601-3630,DE
"Rose Byfield",185-843-1406,NC
"Rose Clark",119-819-6371,ID
"Rose Degasparre",769-350-0247,LA
"Rose Foreman",426-092-8708,OR
"Rowena Cardwell",901-029-8110,MD
"Roy Fyffe",762-088-4870,LA
"Ruby Hamada",635-646-2176,IL
"Ruby Heywood",498-612-9178,WY
"Rueben Harris",185-612-9161,OH
"Russell Bullis",630-762-5758,DE
"Russell Stanley",116-504-5298,MI
"Ruth Boatner",485-480-6160,VA
"Ruth Carlson",720-202-9723,OR
"Ruth Catlin",975-809-6870,AL
"Ruth Dampier",766-381-0208,MT
"Ruth Garcia",556-671-8811,UT
"Ruth Lam",543-110-6112,VA
"Ruth Mcgill",767-340-7750,OH
"Ruth Meldahl",294-863-7619,MA
"Ruth Rodriguez",726-834-7131,MN
"Ruth Simpson",450-546-8251,DE
"Ryan Collier",399-477-2423,IN
"Ryan Klinger",171-113-0587,ND
"Ryan Nelson",915-349-1651,NJ
"Sally James",390-050-0289,NH
"Sally Mcnamara",504-740-3894,GA
"Samantha Spivey",643-718-3530,TX
"Sammy Benford",203-209-1131,WI
"Sammy Seymour",981-091-9575,MT
"Samuel Davis",330-118-2055,IA
"Samuel Fitzgerald",129-878-4824,WI
"Samuel Mcphatter",863-139-2859,ID
"Samuel Sarkis",389-279-9052,MD
"Sandra Bailey",935-173-1760,CT
"Sandra Lloyd",582-608-9166,NC
"Sandra Mahr",868-753-8571,NJ
"Sandra Nockels",260-260-1375,CT
"Sandra Reinwald",691-145-1307,WA
"Sandra Villalobas",953-251-6859,NE
"Santa Frink",895-631-7639,AK
"Santiago Perez",167-189-2892,PA
"Sara Bakshi",849-698-7875,OK
"Sara Maher",219-872-5026,RI
"Sarah Branch",709-641-2194,VT
"Sarah Ines",878-603-0684,WV
"Sarah Lupez",430-626-9135,MI
"Sarah Trowell",931-499-1166,OH
"Sarah Vilardi",419-251-4680,TX
"Saundra Allen",892-589-9198,VT
"Scott Blansett",472-855-1613,CA
"Scott Coulter",741-335-5215,MT
"Scott Dixon",491-285-3409,CO
"Scott Domingo",126-508-6144,NC
"Scott Farmer",914-021-0155,LA
"Sean Tuck",743-044-3809,FL
"Sergio Schuchart",269-491-3269,NE
"Shaniqua Yoho",404-077-3964,AR
"Sharon Ayon",217-500-3152,SC
"Sharon Bankhead",734-705-9290,RI
"Sharon Boudreau",779-175-4490,MO
"Sharon Miller",873-305-3132,NC
"Shawn Granata",175-008-0129,AK
"Shawn Parnell",236-199-2559,CT
"Sheila Reardon",765-098-4385,MO
"Sheldon Wright",298-634-6808,FL
"Shelia Uselman",570-446-7582,WI
"Sheri Patterson",731-749-6949,IN
"Sheridan Thorp",208-103-6674,WA
"Sherry Garza",853-386-2898,OR
"Sherry Pentz",163-832-5855,NV
"Sheryl Spohn",484-096-3348,OR
"Shirley Greenwald",975-133-2360,DE
"Shirley Mortimer",450-454-0880,CA
"Shirley Taylor",110-044-8102,WV
"Simon Williams",846-166-8883,MS
"Sofia Smith",304-670-8646,MO
"Sofia Valentine",840-550-9026,LA
"Sonia Ellison",804-066-4077,NV
"Stacey Gunn",146-003-1029,NE
"Stacey Rozell",105-576-1401,AZ
"Stacie Sanchez",338-417-2306,ND
"Stacy Shorter",464-322-7380,WA
"Stanley Laplante",508-343-1653,SD
"Stella Nodine",144-593-5444,AL
"Stella Phillips",392-257-7624,SD
"Stephanie Coleman",269-692-9637,IL
"Stephanie Kirkpatrick",759-176-4850,IA
"Stephen Caldwell",647-628-7536,AK
"Stephen Frerichs",714-051-8699,MI
"Stephen Green",989-885-5158,IA
"Steve Daniels",238-612-5220,NE
"Steve Shulman",728-567-1575,UT
"Steven Barnes",720-732-4709,NH
"Steven Clark",741-343-0560,AZ
"Steven Delvalle",833-576-0534,LA
"Steven Hudson",162-518-7854,MT
"Steven Hurd",711-260-3641,NY
"Steven Jimenez",365-088-5099,WV
"Steven Lefevre",728-185-5288,NJ
"Steven Nichols",589-060-9098,MD
"Steven Schlenker",137-044-9028,CO
"Steven Taylor",233-711-9357,UT
"Steven Treible",589-866-9053,TX
"Steven Weiland",799-045-6259,SC
"Steven Weir",363-664-6894,MO
"Sue Hess",422-461-2314,MS
"Sue Johnson",347-728-3166,GA
"Susan Guerra",763-402-1150,OR
"Susan Hays",923-065-9944,ID
"Susan Malick",308-550-1938,TX
"Suzann Rummel",459-395-4269,AK
"Suzanne Berlinger",580-142-4851,OH
"Suzanne Gill",463-661-4199,ND
"Suzanne Maize",731-765-1165,MI
"Suzanne Stewart",125-206-4120,AR
"Suzanne Wahl",805-616-2589,ND
"Sylvia Poe",669-309-0990,VA
"Tamara Alloway",407-826-7352,MT
"Tamara Tweed",943-400-8250,MI
"Tammy Baldon",652-783-1337,NM
"Tanesha Waldman",312-627-5131,ME
"Tanya Caldwell",992-129-3225,UT
"Ted Bryson",388-641-7710,MT
"Teresa Biles",742-147-5323,AL
"Teresa Gause",339-732-7294,PA
"Teresa Keller",490-135-9255,HI
"Teresa Luke",363-322-9705,ID
"Teresa Sanchez",459-316-0972,NJ
"Terrance Macmillan",209-583-4236,SC
"Terrance Tanaka",374-207-5384,ME
"Terry Burbank",384-054-6917,HI
"Terry Crowder",793-207-8347,IA
"Terry Dirksen",295-763-7888,CA
"Terry Ouzts",709-026-2695,OK
"Terry Wegner",667-597-6407,LA
"Thelma Longerbeam",747-769-7838,SD
"Thelma Pinder",159-090-3791,OH
"Theresa Coleman",750-854-7860,ND
"Theresa Lonergan",390-332-1452,WV
"Theresa Mcgrath",323-433-0986,KS
"Theresa Patrick",162-565-4093,NV
"Thomas Anglin",826-276-4423,NC
"Thomas Dale",408-169-6442,ME
"Thomas Danielsen",553-620-6728,MA
"Thomas Dirks",850-292-7853,VT
"Thomas Edwards",430-144-4099,NV
"Thomas Forshee",240-703-8225,GA
"Thomas Lam",258-298-8079,FL
"Thomas Parish",977-506-9715,NV
"Thomas Schmalz",568-655-5969,TX
"Thomas Smith",935-769-8908,PA
"Thomas Vest",873-875-5838,WI
"Tiffany Easley",469-438-8861,OR
"Tiffany Janosek",374-140-6928,NV
"Timothy Bingham",841-862-2562,NC
"Timothy Brown",459-832-3823,KS
"Timothy Hardman",363-731-0247,AL
"Timothy Jordan",738-257-5962,CT
"Timothy Rodriguez",928-288-9833,MS
"Tina Seay",403-007-8780,WA
"Tom Gilbreath",411-507-0770,MI
"Tom Mccants",636-012-8507,DE
"Tom Mcdonough",425-596-4041,NY
"Tomas Long",121-269-6514,WY
"Tommy Mcdonough",833-199-9852,AR
"Toni Clarkson",246-518-3007,HI
"Tony Hare",444-428-8826,KY
"Tonya Ebert",425-801-1531,NJ
"Tonya Gupton",201-303-1812,AR
"Tracey King",353-599-9447,VA
"Tracy Anderson",594-846-6198,SD
"Tracy Davis",810-176-5185,AK
"Tracy Jewell",525-325-4664,NJ
"Tracy Kearney",375-388-2612,CO
"Tracy Manera",445-613-6606,TX
"Tracy Marquez",944-155-8737,RI
"Travis Mclaughlin",847-888-3252,NJ
"Treena Paz",805-596-0703,MT
"Troy Cole",805-737-1139,TN
"Trudy Miceli",460-431-7295,MS
"Tyrone Garis",813-589-4415,CT
"Un Mcmorris",110-661-4431,HI
"Una Culligan",600-440-5227,ND
"Valerie Collins",963-273-1247,IN
"Valerie Estrada",239-486-3191,AZ
"Vanessa Wright",123-187-2962,VA
"Veronica Angel",428-452-5083,ME
"Vicki Mccall",609-291-5569,MI
"Victoria Davila",687-395-0093,OH
"Vincenza Eakins",160-778-5351,WY
"Viola Burk",571-463-4135,SC
"Violet Logan",167-665-9811,MS
"Virginia Jackson",856-656-2883,SC
"Viviana Garcia",574-334-2028,NM
"Wade Robinson",667-568-5100,ME
"Wallace Thady",639-679-1682,GA
"Walter Carlan",589-022-7212,OK
"Walter Cox",760-032-7956,FL
"Walter Dukes",577-710-7964,TN
"Walter Hankin",352-838-2885,KY
"Walter Howell",904-136-7167,SD
"Walter Mason",333-165-5670,WY
"Walter Oliphant",892-419-0628,ND
"Walter Perry",848-368-6794,IL
"Walter Reed",231-299-9495,AR
"Wanda Mcgrath",398-006-5312,IL
"Wayne Atkins",739-668-9295,MN
"Wayne Selby",102-846-7005,MT
"Wendy Daily",893-496-1120,CT
"Wesley Meyer",876-697-4869,MI
"Wesley Vargas",355-858-2301,NC
"Willa Ellison",874-015-5859,NM
"William Beale",571-444-9048,CO
"William Best",964-741-1179,NM
"William Bustamante",316-401-0341,OR
"William Daniels",701-206-6540,NE
"William Degaetano",518-377-7594,MD
"William Dimaggio",372-852-5146,MA
"William Ethridge",534-191-5909,PA
"William Floyd",573-726-9742,IL
"William Foss",492-414-9120,ID
"William Gilfillan",268-500-2342,VA
"William Go",528-064-8644,AK
"William Haynes",180-545-4191,IN
"William Jones",739-531-6771,LA
"William Linton",557-695-7264,MO
"William Mitchell",416-425-3551,NC
"William Pelletier",848-744-4997,NJ
"William Stone",197-207-6037,AR
"William Wells",475-351-5688,UT
"William Yontz",134-104-7573,GA
"Willie Parry",536-164-0424,NJ
"Willie Shephard",887-039-4099,NM
"Willie Tate",766-338-4293,ND
"Willie Veneziano",704-388-7416,IL
"Winfred Maldonado",314-200-0527,NV
"Winifred Berger",430-669-6755,NM
"Winnie Hernandez",620-074-0159,MO
"Yolanda Bell",916-329-0166,WA
"Yolanda Cassell",400-666-4418,FL
"Yolanda Guess",472-361-1344,RI
"Yvette Fassett",870-160-4436,MS
"Yvonne Newkirk",314-548-1059,VA
"Zachary Bush",254-655-5767,UT
"Zachary Mixon",465-640-8755,MS
"Zella Bautista",658-245-4187,IN
